,HeadPitch,HeadYaw,HipPitch,HipRoll,KneePitch,LElbowRoll,LElbowYaw,LHand,LShoulderPitch,LShoulderRoll,LWristYaw,RElbowRoll,RElbowYaw,RHand,RShoulderPitch,RShoulderRoll,RWristYaw,R0R,R0G,R0B,L0R,L0G,L0B,R1R,R1G,R1B,L1R,L1G,L1B,R2R,R2G,R2B,L2R,L2G,L2B,R3R,R3G,R3B,L3R,L3G,L3B,R4R,R4G,R4B,L4R,L4G,L4B,R5R,R5G,R5B,L5R,L5G,L5B,R6R,R6G,R6B,L6R,L6G,L6B,R7R,R7G,R7B,L7R,L7G,L7B,valence,time
0,-0.11445270478725433,0.05803297832608223,-0.09320064634084702,0.023298854008316994,-0.04453882947564125,-0.5666823983192444,-1.403637409210205,0.4352319836616516,1.6610559225082397,0.24496309459209442,-0.1686239093542099,0.6005295515060425,1.0922154188156128,0.4453839063644409,1.4557228088378906,-0.1865948587656021,0.40255558490753174,0.99327904,0.98833627,0.9748164,0.9997937,0.99902415,0.99619293,0.9967715,0.9954306,0.9833784,0.99475175,0.9940825,0.9915251,0.99228305,0.99599755,0.9919338,0.9992642,0.9982443,0.9997763,0.99933845,0.997829,0.99650997,0.9988387,0.9964706,0.9974837,0.99880314,0.993919,0.994449,0.9994203,0.99911636,0.9990283,0.9996978,0.9987575,0.9991467,0.99740714,0.99576545,0.9978315,0.99768424,0.99383223,0.9983316,0.99944276,0.998889,0.9988292,0.99976665,0.9975662,0.9984092,0.99895275,0.9955512,0.99763656,0.8788645,0.02
1,-0.1101052388548851,0.04592538997530937,-0.09126052260398865,0.023228392004966736,-0.044089604169130325,-0.5800023078918457,-1.3995999097824097,0.4277437627315521,1.657135248184204,0.2447514533996582,-0.17777760326862335,0.6053917407989502,1.1063861846923828,0.4372676908969879,1.4675991535186768,-0.1873311996459961,0.39027729630470276,0.9946812,0.9905477,0.9805698,0.9998517,0.9992943,0.9969746,0.9975695,0.99671483,0.9873126,0.9959365,0.99504626,0.9933137,0.99373454,0.99679583,0.99378055,0.99946254,0.99855965,0.99983263,0.9995332,0.99839044,0.9975109,0.99915457,0.99721414,0.99813193,0.9991047,0.9951816,0.9957847,0.99958056,0.99937123,0.99932647,0.9997851,0.99900705,0.99933916,0.9980135,0.99650145,0.99836797,0.99819654,0.99459285,0.9987796,0.99960023,0.99921143,0.99917126,0.9998254,0.99816114,0.99881375,0.99922144,0.99656135,0.99823785,0.88016945,0.08
2,-0.10915670543909073,0.03975560888648033,-0.08994390070438385,0.021010760217905045,-0.040526147931814194,-0.5924468040466309,-1.3966224193572998,0.4217565655708313,1.652484655380249,0.2457781434059143,-0.1859581172466278,0.610969603061676,1.1182057857513428,0.4291974902153015,1.4767860174179077,-0.18779876828193665,0.3752623498439789,0.995736,0.9923287,0.9849378,0.99989176,0.9994869,0.9975969,0.99818784,0.9976291,0.99058586,0.99687564,0.9959454,0.9947878,0.99499726,0.99743867,0.9952997,0.99960667,0.99881834,0.9998728,0.99966455,0.99879956,0.99822205,0.99937373,0.99777895,0.9985807,0.9993254,0.9962225,0.99676824,0.99969125,0.9995431,0.9995297,0.99984527,0.99919957,0.99949634,0.9984876,0.99710613,0.99879456,0.99860054,0.9953797,0.9991093,0.99971575,0.9994392,0.9994209,0.99986696,0.99861526,0.9991315,0.9994105,0.99731356,0.9986559,0.88177556,0.13999999999999999
3,-0.110444076359272,0.03666910529136658,-0.08848639577627182,0.01755422167479992,-0.03540762886404991,-0.6045190691947937,-1.3949379920959473,0.41713765263557434,1.6478193998336792,0.24701383709907532,-0.19336481392383575,0.6172803640365601,1.1303002834320068,0.4217143654823303,1.4854261875152588,-0.18813003599643707,0.3574565649032593,0.9965514,0.99374616,0.9882615,0.99991965,0.9996227,0.9980726,0.9986505,0.99827504,0.9930742,0.99760276,0.9967091,0.9959472,0.9960382,0.99794334,0.99647176,0.99971,0.9990244,0.99990165,0.9997563,0.9990951,0.9987218,0.99952984,0.9982095,0.9989023,0.99948764,0.99703896,0.9974993,0.99977034,0.9996618,0.9996679,0.99988735,0.9993481,0.99961567,0.9988489,0.99759275,0.99911326,0.9989128,0.9960961,0.99934727,0.99979776,0.9995977,0.9995943,0.99989676,0.99895096,0.999363,0.99954826,0.99787617,0.9989561,0.8833942,0.19999999999999998
4,-0.11188192665576935,0.03309950977563858,-0.08701929450035095,0.014060919173061848,-0.030253756791353226,-0.6162393093109131,-1.393865704536438,0.4129618704319,1.6430619955062866,0.24805572628974915,-0.20046474039554596,0.6236373782157898,1.1430903673171997,0.4151078164577484,1.4942160844802856,-0.18859648704528809,0.33912137150764465,0.99719304,0.9948651,0.9907803,0.9999393,0.9997179,0.99842536,0.99898714,0.99872905,0.99483865,0.99814796,0.99730265,0.9968141,0.9968411,0.9983298,0.9973224,0.99978274,0.99918526,0.9999224,0.99982125,0.9993086,0.9990689,0.9996433,0.99854076,0.9991404,0.9996081,0.99765295,0.9980426,0.99982774,0.999746,0.9997619,0.99991655,0.99946266,0.9997008,0.99911517,0.997976,0.9993389,0.99914634,0.9966779,0.9995146,0.9998541,0.99970704,0.99971,0.99991846,0.99919385,0.9995222,0.9996505,0.99830025,0.9991793,0.8848643,0.26
5,-0.11260364949703217,0.027499092742800713,-0.08653872460126877,0.011539959348738194,-0.024936098605394363,-0.6272513270378113,-1.3920975923538208,0.4086865186691284,1.638101577758789,0.24929070472717285,-0.20197810232639313,0.630731999874115,1.155853509902954,0.409059077501297,1.5023219585418701,-0.18957920372486115,0.3197420835494995,0.9976847,0.9957247,0.99264973,0.99995327,0.9997856,0.998686,0.9992261,0.9990446,0.9960503,0.998558,0.9977659,0.99745554,0.99744534,0.9986303,0.9979303,0.9998336,0.99931395,0.99993706,0.99986565,0.99945754,0.9993006,0.99972504,0.9987931,0.9993113,0.999696,0.99811685,0.99844545,0.99986804,0.9998042,0.99982256,0.99993694,0.9995528,0.99976176,0.9993119,0.99827135,0.9994967,0.99932206,0.99716336,0.9996338,0.9998927,0.9997824,0.9997855,0.9999347,0.9993735,0.99963367,0.9997254,0.9986168,0.99933845,0.88609236,0.32
6,-0.11522093415260315,0.025751963257789612,-0.08912022411823273,0.010145646519958973,-0.019960805773735046,-0.6354472041130066,-1.3908189535140991,0.40425872802734375,1.635680913925171,0.24947412312030792,-0.19520963728427887,0.6353694796562195,1.168199062347412,0.4049846827983856,1.513266921043396,-0.18992751836776733,0.2984086275100708,0.9980501,0.99634856,0.9940211,0.9999629,0.99983037,0.9989039,0.9993957,0.9992612,0.99691087,0.99886924,0.9981141,0.99793017,0.9979206,0.99884593,0.99837315,0.9998692,0.99940777,0.9999484,0.9998958,0.9995621,0.9994597,0.99978286,0.9989868,0.99944013,0.9997596,0.9984475,0.99873716,0.9998969,0.9998447,0.99986637,0.99995065,0.99961615,0.9998041,0.9994542,0.99851125,0.9996105,0.99945706,0.9975393,0.9997166,0.9999192,0.9998336,0.9998385,0.99994636,0.9994978,0.9997104,0.9997789,0.99884844,0.9994604,0.8872726,0.38
7,-0.11854656785726547,0.025840723887085915,-0.09303507208824158,0.009272796101868153,-0.015411317348480225,-0.6418210864067078,-1.3904422521591187,0.4002951979637146,1.6340705156326294,0.24931788444519043,-0.18801133334636688,0.6384341716766357,1.1799722909927368,0.40206378698349,1.5243802070617676,-0.19025860726833344,0.2789202034473419,0.99832577,0.9968154,0.99503136,0.9999697,0.9998615,0.9990715,0.99951696,0.99941325,0.9975313,0.99909675,0.9983784,0.99828196,0.99827945,0.9990067,0.9986933,0.99989426,0.99947685,0.99995685,0.9999169,0.9996363,0.99957246,0.99982387,0.9991328,0.99953485,0.9998049,0.9986866,0.99894875,0.99991727,0.99987304,0.99989736,0.99995995,0.9996619,0.9998343,0.999556,0.9987005,0.9996917,0.9995572,0.9978275,0.99977463,0.99993753,0.999869,0.9998754,0.9999547,0.99958664,0.9997644,0.9998171,0.99901855,0.9995516,0.88840306,0.44
8,-0.1220318004488945,0.025943905115127563,-0.09707847237586975,0.00835802499204874,-0.011282634921371937,-0.6470411419868469,-1.3904361724853516,0.39686912298202515,1.6327987909317017,0.24921150505542755,-0.18149465322494507,0.6409552097320557,1.190922498703003,0.39944273233413696,1.5349197387695312,-0.1906675547361374,0.2617031931877136,0.9985415,0.9971769,0.9957866,0.9999745,0.9998838,0.9991899,0.99960464,0.99952054,0.99797076,0.9992606,0.998579,0.9985404,0.99854374,0.99912745,0.99892324,0.9999119,0.999529,0.9999629,0.99993205,0.99969065,0.99965215,0.99985385,0.9992429,0.9996037,0.9998381,0.9988656,0.9991053,0.99993205,0.99989355,0.9999186,0.9999666,0.999696,0.999856,0.9996294,0.99884206,0.9997489,0.999629,0.9980514,0.9998153,0.99995005,0.99989355,0.99990034,0.9999608,0.99965084,0.99980146,0.99984527,0.9991456,0.9996178,0.88937336,0.5
9,-0.12565381824970245,0.0253220796585083,-0.10115567594766617,0.007611735723912716,-0.007672990672290325,-0.6506631374359131,-1.3908072710037231,0.3941059112548828,1.6315124034881592,0.24896275997161865,-0.1757873296737671,0.6427030563354492,1.2002302408218384,0.39744895696640015,1.5446677207946777,-0.190922811627388,0.24721375107765198,0.99870765,0.99745363,0.9963469,0.9999777,0.99989974,0.9992705,0.9996673,0.9995964,0.99827754,0.9993783,0.99872965,0.9987263,0.9987367,0.99921775,0.9990878,0.99992406,0.99956805,0.999967,0.9999428,0.9997296,0.9997081,0.99987566,0.9993254,0.999653,0.9998623,0.9989987,0.9992206,0.99994266,0.9999081,0.9999331,0.99997115,0.9997211,0.9998708,0.99968207,0.99894756,0.9997893,0.9996804,0.9982218,0.9998435,0.99995875,0.9999105,0.9999169,0.9999651,0.99969685,0.9998264,0.9998658,0.99924016,0.9996655,0.89010155,0.56
10,-0.1292734295129776,0.024029944092035294,-0.10470810532569885,0.006898099090903997,-0.004705018363893032,-0.6520773768424988,-1.391454815864563,0.3922128975391388,1.6303905248641968,0.24855934083461761,-0.17159618437290192,0.6430822014808655,1.207223892211914,0.39624473452568054,1.5530879497528076,-0.1911061406135559,0.23677988350391388,0.99883145,0.9976494,0.9967338,0.99998,0.99991107,0.99932015,0.99971026,0.9996476,0.9984768,0.9994586,0.9988387,0.998855,0.99886924,0.99928206,0.9991992,0.99993193,0.9995963,0.9999697,0.9999502,0.9997558,0.9997454,0.99989116,0.99938464,0.9996861,0.99987924,0.9990927,0.99930096,0.99994993,0.99991786,0.99994254,0.99997425,0.99973875,0.9998803,0.99971765,0.9990214,0.9998161,0.99971515,0.99834526,0.9998623,0.9999645,0.9999218,0.9999275,0.99996793,0.9997291,0.9998418,0.9998801,0.999305,0.9996973,0.8906005,0.62
11,-0.132661372423172,0.02232160046696663,-0.10786779969930649,0.006301448214799166,-0.0024134262930601835,-0.6524398326873779,-1.392591118812561,0.39067184925079346,1.6295949220657349,0.24820545315742493,-0.16876567900180817,0.6432899236679077,1.2131083011627197,0.3952234387397766,1.5596967935562134,-0.1913202852010727,0.23028896749019623,0.99891806,0.99778074,0.9969869,0.9999813,0.9999182,0.9993432,0.99973875,0.99968016,0.99859947,0.9995117,0.9989102,0.99893886,0.9989563,0.9993231,0.99927,0.99993646,0.99961394,0.99997103,0.99995494,0.999772,0.9997687,0.99990153,0.99942315,0.9997062,0.99989057,0.99915445,0.99935347,0.9999547,0.99992394,0.9999484,0.9999759,0.9997495,0.9998852,0.9997402,0.99906594,0.999833,0.9997372,0.9984257,0.999874,0.99996805,0.99992883,0.9999336,0.9999696,0.9997497,0.9998499,0.9998895,0.9993457,0.9997167,0.8909942,0.6799999999999999
12,-0.13599097728729248,0.020603807643055916,-0.11042138934135437,0.005807850044220686,-0.0007495425525121391,-0.6518402695655823,-1.3941497802734375,0.38951513171195984,1.6290251016616821,0.24787959456443787,-0.16705292463302612,0.6432005763053894,1.217918872833252,0.39452028274536133,1.5651928186416626,-0.1915329545736313,0.22676390409469604,0.99897563,0.99786144,0.9971449,0.9999819,0.99992216,0.99934465,0.9997569,0.999699,0.9986682,0.99954563,0.99895144,0.99898785,0.9990103,0.9993451,0.9993124,0.99993837,0.99962187,0.9999715,0.9999578,0.9997806,0.9997825,0.9999081,0.99944526,0.99971646,0.99989784,0.99919134,0.99938476,0.9999579,0.99992716,0.9999516,0.99997675,0.999754,0.9998863,0.99975306,0.9990865,0.99984264,0.9997497,0.9984701,0.9998803,0.9999701,0.9999325,0.9999366,0.9999702,0.9997608,0.9998518,0.99989533,0.99936765,0.99972683,0.891265,0.74
13,-0.13902555406093597,0.018481742590665817,-0.11264413595199585,0.005485188215970993,0.00024569430388510227,-0.6503859162330627,-1.396333932876587,0.388862669467926,1.6288037300109863,0.2475605607032776,-0.16639457643032074,0.6427170634269714,1.2218235731124878,0.39425843954086304,1.5696231126785278,-0.1917516440153122,0.2261592447757721,0.9990095,0.9978956,0.99722195,0.99998176,0.9999231,0.99932325,0.9997663,0.99970585,0.99868935,0.9995634,0.99896526,0.9990061,0.9990355,0.9993494,0.9993304,0.999938,0.99962056,0.9999708,0.99995935,0.99978226,0.9997881,0.99991155,0.99945253,0.999718,0.99990165,0.99920577,0.9993981,0.9999596,0.9999279,0.9999528,0.99997663,0.9997522,0.9998833,0.9997576,0.9990835,0.9998462,0.9997538,0.9984804,0.999882,0.9999709,0.99993336,0.9999367,0.99996984,0.9997634,0.99984765,0.99989784,0.9993723,0.99972874,0.8913449,0.8
14,-0.1417313516139984,0.015983248129487038,-0.11450880020856857,0.005338373128324747,0.0005644892225973308,-0.6481018662452698,-1.3991062641143799,0.3887190818786621,1.6289305686950684,0.24725276231765747,-0.16679495573043823,0.641846776008606,1.2247885465621948,0.39443832635879517,1.5729644298553467,-0.1919737607240677,0.22846631705760956,0.99902165,0.99788505,0.99722385,0.9999809,0.9999212,0.9992772,0.99976796,0.9997017,0.9986652,0.9995666,0.9989526,0.99899477,0.99903345,0.9993364,0.99932563,0.99993527,0.99961,0.9999691,0.99995935,0.999777,0.9997862,0.99991214,0.9994455,0.99971086,0.99990237,0.99919873,0.99939454,0.99995995,0.9999261,0.9999521,0.9999757,0.99974436,0.99987626,0.999754,0.9990569,0.99984396,0.9997497,0.9984571,0.99987924,0.99997056,0.99993145,0.9999341,0.9999684,0.9997578,0.9998367,0.9998975,0.99936014,0.9997224,0.89123476,0.86
15,-0.14406201243400574,0.013144378550350666,-0.11596593260765076,0.0053683253936469555,0.0002121821598848328,-0.6450226306915283,-1.4024790525436401,0.38906732201576233,1.629426121711731,0.24696387350559235,-0.16827745735645294,0.6406658291816711,1.2268575429916382,0.3950211703777313,1.5752111673355103,-0.1921987533569336,0.2336181402206421,0.9990125,0.9978294,0.99715096,0.9999794,0.99991643,0.9992022,0.9997619,0.9996859,0.9985936,0.9995554,0.9989127,0.9989536,0.9990042,0.99930525,0.999298,0.9999299,0.99958915,0.99996614,0.99995816,0.9997646,0.99977666,0.9999099,0.99942386,0.9996946,0.9999,0.9991698,0.99937385,0.9999591,0.9999217,0.9999492,0.99997365,0.9997296,0.9998642,0.9997422,0.9990048,0.99983585,0.9997373,0.9983987,0.99987173,0.9999689,0.99992657,0.99992824,0.9999658,0.9997433,0.999818,0.999894,0.9993303,0.99970764,0.89094216,0.9199999999999999
16,-0.14544795453548431,0.009848276153206825,-0.11693914979696274,0.00556393526494503,-0.0007901744684204459,-0.641704261302948,-1.4077494144439697,0.3888510763645172,1.630801796913147,0.24709856510162354,-0.1722673624753952,0.641506016254425,1.2300755977630615,0.394658625125885,1.576560139656067,-0.19286824762821198,0.24117572605609894,0.99898416,0.9977379,0.99701524,0.99997675,0.9999082,0.9990915,0.9997478,0.99965847,0.99848014,0.99952924,0.99884194,0.99888474,0.9989429,0.99925226,0.99924624,0.9999207,0.9995547,0.9999614,0.99995553,0.9997451,0.99975926,0.99990463,0.99938595,0.99966896,0.99989426,0.99911684,0.99933594,0.99995697,0.99991417,0.9999441,0.9999703,0.999705,0.999846,0.9997203,0.99891984,0.9998209,0.99971455,0.9982999,0.99985933,0.9999659,0.99991846,0.9999188,0.9999616,0.99972016,0.99978966,0.9998871,0.99928087,0.9996836,0.89091295,0.98
17,-0.14641527831554413,0.006198124028742313,-0.11760208010673523,0.005762675777077675,-0.0024543344043195248,-0.6372787356376648,-1.414035439491272,0.3892163038253784,1.632472038269043,0.24700680375099182,-0.17830637097358704,0.6419022679328918,1.2334436178207397,0.39491280913352966,1.5776687860488892,-0.1934390366077423,0.2504478991031647,0.998938,0.99760216,0.99680424,0.9999732,0.99989605,0.9989385,0.999726,0.9996176,0.9983109,0.99948776,0.99873906,0.9987789,0.998852,0.99917597,0.99916697,0.9999076,0.9995065,0.99995446,0.9999515,0.9997168,0.9997327,0.9998963,0.99933136,0.9996321,0.9998853,0.99903905,0.9992781,0.99995375,0.9999031,0.9999361,0.99996567,0.99967086,0.99981993,0.99968815,0.9987998,0.99979776,0.9996809,0.99815947,0.9998406,0.9999615,0.9999063,0.99990463,0.99995565,0.99968636,0.99974865,0.99987686,0.99921095,0.9996486,0.8906788,1.04
18,-0.1471354067325592,0.0028545332606881857,-0.11766298115253448,0.00589838158339262,-0.004671996925026178,-0.6318179965019226,-1.4203929901123047,0.39009740948677063,1.6341618299484253,0.24707452952861786,-0.1866103857755661,0.6408725380897522,1.2364661693572998,0.39576515555381775,1.5778918266296387,-0.19409528374671936,0.2619219422340393,0.99886465,0.99739707,0.9964737,0.9999682,0.9998791,0.9987367,0.9996939,0.9995578,0.9980623,0.9994272,0.9985996,0.99862957,0.99872595,0.9990721,0.9990497,0.99988973,0.99944454,0.99994516,0.99994504,0.9996761,0.9996934,0.9998838,0.9992551,0.999579,0.99987173,0.99892837,0.9991903,0.9999485,0.99988735,0.9999242,0.99995923,0.9996264,0.9997856,0.99964285,0.99864215,0.9997639,0.99963415,0.9979734,0.9998134,0.99995494,0.9998888,0.9998838,0.9999478,0.99964035,0.9996922,0.99986184,0.9991098,0.9995976,0.8903534,1.1
19,-0.1470051258802414,0.0003376409877091646,-0.11691036820411682,0.005972955375909805,-0.0072801741771399975,-0.6261206865310669,-1.427108645439148,0.3915163278579712,1.6363365650177002,0.24750909209251404,-0.19703924655914307,0.6394770741462708,1.238572359085083,0.3968255817890167,1.577318549156189,-0.19486746191978455,0.2756603956222534,0.9987633,0.9971239,0.9960163,0.99996114,0.99985564,0.9984604,0.99964845,0.9994728,0.9977144,0.9993407,0.99841285,0.9984232,0.99854904,0.99893266,0.9988852,0.9998647,0.99936324,0.9999323,0.999936,0.9996201,0.9996382,0.9998661,0.99915385,0.99950564,0.9998528,0.998779,0.99906856,0.9999409,0.99986553,0.999907,0.99995005,0.9995679,0.99973863,0.9995789,0.99843353,0.99971586,0.9995684,0.99773043,0.9997745,0.9999455,0.9998636,0.9998529,0.9999368,0.9995776,0.9996117,0.9998411,0.99897456,0.9995271,0.88986164,1.16
20,-0.145990252494812,-0.0022774606477469206,-0.11518057435750961,0.005826692562550306,-0.010619143024086952,-0.621148407459259,-1.4336309432983398,0.3935222029685974,1.639052152633667,0.24813424050807953,-0.20909041166305542,0.6390000581741333,1.240977168083191,0.39846178889274597,1.576187252998352,-0.19585776329040527,0.29091668128967285,0.9986299,0.99676836,0.9953975,0.9999511,0.99982303,0.9980757,0.99958664,0.999355,0.9972338,0.99922526,0.99817026,0.9981439,0.99831283,0.99874496,0.9986565,0.99982953,0.9992556,0.9999136,0.99992335,0.9995419,0.9995602,0.9998418,0.9990201,0.999405,0.99982697,0.99858177,0.9989042,0.9999306,0.99983466,0.99988127,0.9999372,0.999491,0.9996737,0.99949205,0.9981542,0.9996476,0.9994785,0.9974324,0.99972016,0.99993217,0.9998281,0.99980706,0.99992156,0.9994917,0.9994961,0.9998134,0.9987924,0.9994281,0.8893289,1.22
21,-0.1464020311832428,-0.0007103389361873269,-0.11526593565940857,0.007164109498262405,-0.014780601486563683,-0.6147396564483643,-1.4411382675170898,0.3956683576107025,1.6446045637130737,0.24795953929424286,-0.21362213790416718,0.6371195912361145,1.2443867921829224,0.4024764597415924,1.5763779878616333,-0.19623376429080963,0.30445751547813416,0.99844486,0.9962813,0.99459225,0.99993694,0.9997745,0.9976065,0.9995016,0.9991903,0.99659085,0.9990846,0.99785334,0.99777824,0.9980281,0.9984842,0.99835867,0.9997801,0.9991079,0.99988806,0.99990535,0.9994307,0.9994506,0.999808,0.99884534,0.999276,0.9997917,0.99830747,0.99869007,0.99991655,0.9997906,0.9998456,0.99991834,0.9993855,0.9995813,0.9993781,0.9978054,0.99955684,0.999366,0.99706787,0.9996458,0.99991345,0.99977773,0.99974364,0.99990046,0.99936885,0.99933225,0.99977523,0.99854445,0.9993006,0.8887818,1.28
22,-0.14778804779052734,0.002606399590149522,-0.11632252484560013,0.009195767343044281,-0.019413623958826065,-0.6070972681045532,-1.4492148160934448,0.39768821001052856,1.6516830921173096,0.24720652401447296,-0.21462500095367432,0.6339214444160461,1.2479389905929565,0.4076434075832367,1.5775796175003052,-0.19610321521759033,0.31799834966659546,0.9982035,0.99564373,0.9935355,0.9999169,0.9997049,0.99701726,0.9993849,0.99896,0.9957188,0.998901,0.9974458,0.9973001,0.9976666,0.99813795,0.9979602,0.99971074,0.9989153,0.9998543,0.9998802,0.9992791,0.99929845,0.99976176,0.9986222,0.99910825,0.9997439,0.9979394,0.9984074,0.99989736,0.9997296,0.99979645,0.9998915,0.999246,0.9994542,0.9992242,0.9973717,0.999433,0.9992199,0.99661463,0.99954385,0.9998871,0.99970585,0.99965405,0.99987173,0.99919826,0.99909973,0.99972373,0.9982169,0.9991358,0.8880897,1.3399999999999999
23,-0.14937828481197357,0.004902755841612816,-0.11749085038900375,0.01123393140733242,-0.024673741310834885,-0.5986664891242981,-1.455812931060791,0.4003509283065796,1.6583327054977417,0.24666306376457214,-0.21712785959243774,0.629976749420166,1.2486131191253662,0.41340187191963196,1.5776233673095703,-0.19612857699394226,0.3349098861217499,0.99789387,0.99482024,0.9921136,0.99988997,0.9996111,0.99626285,0.9992298,0.9986431,0.99453294,0.9986607,0.9969331,0.9966857,0.9972103,0.9976978,0.99742424,0.99961793,0.9986822,0.9998098,0.9998449,0.99907184,0.9990865,0.9997003,0.9983348,0.998882,0.999681,0.9974571,0.9980338,0.99987066,0.99964535,0.9997255,0.99985516,0.99907625,0.9992872,0.9990231,0.99683726,0.99926466,0.99903214,0.99606735,0.99940586,0.9998505,0.9996039,0.99952424,0.9998348,0.9989749,0.99878293,0.9996561,0.9977849,0.9989164,0.8871619,1.4
24,-0.15026246011257172,0.00673591298982501,-0.11893714964389801,0.013805711641907692,-0.02992977574467659,-0.5897172689437866,-1.4619317054748535,0.40332159399986267,1.66496741771698,0.24616383016109467,-0.2195834219455719,0.6251333355903625,1.2485740184783936,0.4201107323169708,1.577360987663269,-0.19614940881729126,0.35305288434028625,0.9975183,0.9938111,0.9903065,0.9998535,0.9994832,0.9952922,0.9990305,0.9982186,0.99296653,0.99835986,0.99630404,0.9958889,0.9966505,0.9971462,0.9967283,0.99949276,0.9983903,0.99974984,0.9997979,0.9987937,0.9987984,0.99961996,0.9979784,0.99858814,0.99960035,0.99684083,0.99755317,0.9998357,0.9995309,0.9996257,0.9998054,0.99886334,0.99906105,0.9987651,0.9961916,0.9990402,0.9987948,0.9954091,0.9992181,0.9998011,0.9994629,0.9993401,0.9997867,0.9986791,0.9983411,0.9995684,0.99723583,0.9986305,0.8860404,1.46
25,-0.14992138743400574,0.006606376264244318,-0.1199595108628273,0.01689073070883751,-0.0346033088862896,-0.5801475048065186,-1.4671461582183838,0.40622666478157043,1.6707311868667603,0.24639472365379333,-0.21837444603443146,0.6203984022140503,1.2490954399108887,0.42812421917915344,1.5764364004135132,-0.19631199538707733,0.3716459572315216,0.99705327,0.9925575,0.9879339,0.9998047,0.9993063,0.9940157,0.9987759,0.9976554,0.9908342,0.9979888,0.9955308,0.99483716,0.99597126,0.9964592,0.995804,0.999323,0.9980319,0.9996681,0.9997347,0.99842143,0.99839884,0.99951327,0.9975285,0.9981957,0.9994974,0.99606115,0.9969066,0.9997898,0.9993771,0.9994821,0.99973685,0.9986016,0.9987508,0.9984401,0.995424,0.9987293,0.99849725,0.99462897,0.9989555,0.9997353,0.99927145,0.99907124,0.9997242,0.9982828,0.99770373,0.999453,0.996523,0.99824715,0.8849828,1.52
26,-0.15261076390743256,0.013019068166613579,-0.12061222642660141,0.017415141686797142,-0.036139097064733505,-0.5699979662895203,-1.471360445022583,0.4105132222175598,1.6753467321395874,0.24906030297279358,-0.214425191283226,0.6171735525131226,1.244921088218689,0.43594273924827576,1.5717389583587646,-0.19714128971099854,0.38889995217323303,0.99642205,0.9909869,0.98486567,0.99973446,0.9990633,0.9924406,0.9984528,0.99689215,0.9883809,0.9975332,0.9947226,0.99360585,0.99521375,0.9956204,0.9947272,0.9990938,0.9975973,0.99955267,0.9996427,0.9979133,0.9978448,0.9993594,0.9969289,0.99763787,0.9993573,0.99512297,0.9960381,0.9997223,0.99915147,0.99927217,0.99963915,0.9982663,0.99837214,0.99804115,0.99448895,0.99834895,0.9981331,0.9939061,0.9986084,0.9996481,0.999009,0.998708,0.99963665,0.99777645,0.9969066,0.9992879,0.99556315,0.9976901,0.8844956,1.58
27,-0.1558157503604889,0.019831063225865364,-0.12127304077148438,0.01763419806957245,-0.03698291629552841,-0.560060977935791,-1.4746211767196655,0.4160560667514801,1.6796269416809082,0.2521549165248871,-0.21111711859703064,0.613991916179657,1.2397710084915161,0.4446699321269989,1.5656683444976807,-0.1982373297214508,0.405555784702301,0.9956254,0.9890625,0.9809683,0.99963903,0.9987362,0.990529,0.99804014,0.9958793,0.9853292,0.9969657,0.99381423,0.99210644,0.9943268,0.99459827,0.9933982,0.99879223,0.9970843,0.9993981,0.9995153,0.9972398,0.99709034,0.9991509,0.99617696,0.9968996,0.99917233,0.99397075,0.99491006,0.9996296,0.9988397,0.99897325,0.99950635,0.99786025,0.9978982,0.9975424,0.99337983,0.9978656,0.9976846,0.99314404,0.99814796,0.99953055,0.9986524,0.9982077,0.9995214,0.9971322,0.99588484,0.9990671,0.99433595,0.9969445,0.884011,1.64
28,-0.15807129442691803,0.025899650529026985,-0.12178685516119003,0.01826939359307289,-0.037829648703336716,-0.5503916144371033,-1.4759541749954224,0.4223639965057373,1.6832478046417236,0.2549283504486084,-0.20833541452884674,0.6102809906005859,1.233232021331787,0.45419690012931824,1.5593029260635376,-0.19933725893497467,0.42056941986083984,0.99467295,0.98677284,0.97613066,0.9995158,0.9983157,0.9882563,0.99752945,0.9945754,0.9814596,0.9962835,0.9928,0.99028707,0.9932981,0.9933918,0.99176776,0.99841094,0.99649733,0.999199,0.9993456,0.99636084,0.99607915,0.99888366,0.99528426,0.9959591,0.9989422,0.9926075,0.9935023,0.999508,0.9984257,0.99855536,0.99933404,0.99738985,0.99731255,0.9969416,0.99210876,0.99725705,0.9971443,0.9923409,0.9975547,0.9993777,0.9981811,0.99752957,0.99938035,0.9963348,0.994601,0.9987884,0.99283254,0.9959757,0.883164,1.7
29,-0.15962637960910797,0.030928710475564003,-0.12223059684038162,0.01936749927699566,-0.03837437555193901,-0.5403770804405212,-1.4752813577651978,0.42876139283180237,1.6864116191864014,0.25746607780456543,-0.20338808000087738,0.6067867875099182,1.2231671810150146,0.4635842442512512,1.5504951477050781,-0.20045015215873718,0.4352462887763977,0.9934449,0.9838664,0.96961427,0.99935013,0.99775934,0.9855123,0.996837,0.99277556,0.9760753,0.9953767,0.9916019,0.98794985,0.99197704,0.9919097,0.98956513,0.9978975,0.9958199,0.99893814,0.9991009,0.99515307,0.99460536,0.9985195,0.99418205,0.99469274,0.9986338,0.9909184,0.9916284,0.9993345,0.99784565,0.9979336,0.9990976,0.99683017,0.99656916,0.9961545,0.99058455,0.99642986,0.9964474,0.9914273,0.9967464,0.999164,0.9975274,0.9965528,0.9992047,0.99532914,0.9929558,0.998415,0.99089736,0.9946502,0.88217866,1.76
30,-0.16044658422470093,0.03711837902665138,-0.12286269664764404,0.020660724490880966,-0.03882589936256409,-0.5316522717475891,-1.4732201099395752,0.43491876125335693,1.6892060041427612,0.25998109579086304,-0.19742289185523987,0.6040773391723633,1.2120864391326904,0.47290346026420593,1.5405974388122559,-0.201707661151886,0.44906237721443176,0.9919443,0.9803775,0.96145344,0.99913436,0.99703646,0.9823362,0.9959442,0.9904004,0.9691179,0.9942545,0.9902744,0.98512137,0.99040973,0.99015105,0.9867845,0.99724126,0.99505436,0.99861026,0.99876815,0.9935948,0.9925949,0.9980414,0.9928861,0.99308985,0.9982364,0.988922,0.98927563,0.9991021,0.9970771,0.99705964,0.9987863,0.996183,0.99566334,0.99518555,0.9888387,0.9953648,0.995593,0.9904503,0.9956938,0.9988777,0.99666023,0.99520564,0.99898785,0.99406993,0.99089515,0.9979371,0.9885162,0.99293244,0.88114333,1.8199999999999998
31,-0.16078674793243408,0.04474141076207161,-0.12336685508489609,0.022106288000941277,-0.03931685537099838,-0.522881031036377,-1.469730019569397,0.441532164812088,1.6911139488220215,0.2625657916069031,-0.19154195487499237,0.6013599634170532,1.1980514526367188,0.48161181807518005,1.52767014503479,-0.20324791967868805,0.4633307158946991,0.9900979,0.9762368,0.9512497,0.99886155,0.9961319,0.9787436,0.994786,0.9873011,0.96023864,0.9928389,0.9887707,0.98177576,0.98853314,0.98810995,0.9833302,0.9964173,0.99422425,0.99821115,0.9983133,0.9916094,0.9898645,0.99741566,0.9913489,0.9910648,0.997726,0.9865514,0.98635024,0.9987858,0.99607277,0.9958379,0.99838495,0.9954632,0.9945885,0.9939872,0.98686594,0.99401736,0.99455065,0.98938274,0.99434423,0.99849164,0.99551266,0.9933676,0.9987319,0.99255264,0.988424,0.9973214,0.9856111,0.99071467,0.88002694,1.88
32,-0.1604645699262619,0.05307353287935257,-0.12393581867218018,0.023430753499269485,-0.03986084461212158,-0.5121029615402222,-1.464971661567688,0.4480173587799072,1.6924242973327637,0.26480886340141296,-0.18755193054676056,0.5968894958496094,1.1815190315246582,0.48929494619369507,1.5143795013427734,-0.2044520080089569,0.476508229970932,0.9879352,0.9713362,0.9385031,0.9985347,0.99504554,0.97474664,0.99335057,0.98328984,0.94912136,0.9910817,0.98709494,0.97790456,0.9862748,0.9858284,0.9790992,0.99541974,0.9933503,0.99775606,0.99770015,0.989097,0.9862298,0.9966343,0.9896062,0.9885366,0.9970994,0.9838568,0.982748,0.9983621,0.9947745,0.9941871,0.99788624,0.9946694,0.99337995,0.9925128,0.9847349,0.99234205,0.99330187,0.9882478,0.9926604,0.99799144,0.9940041,0.99091434,0.9984509,0.9907872,0.98551846,0.9965507,0.9821133,0.98786396,0.87863225,1.94
33,-0.15989410877227783,0.06125175580382347,-0.12419306486845016,0.024577654898166656,-0.04028278589248657,-0.5016137957572937,-1.4604727029800415,0.4543910026550293,1.6932721138000488,0.26651695370674133,-0.1835070103406906,0.5926626920700073,1.1641252040863037,0.49631738662719727,1.5009371042251587,-0.2051393687725067,0.4886332154273987,0.98540187,0.96576715,0.9233548,0.9981458,0.993729,0.97044635,0.99160755,0.97828114,0.9359148,0.988974,0.98526984,0.97343236,0.9836827,0.98329586,0.97407496,0.9942384,0.9924245,0.9972402,0.9969067,0.98606175,0.98158425,0.99566615,0.9876222,0.9854703,0.99633837,0.9808023,0.9784338,0.997821,0.9931618,0.99204034,0.99727756,0.99379987,0.99203765,0.99077296,0.98246115,0.99032307,0.9918526,0.9870445,0.9905918,0.99736196,0.99211216,0.9878144,0.9981369,0.9887096,0.98220265,0.9956091,0.9780717,0.9844045,0.877114,2.0
34,-0.1586906462907791,0.07012465596199036,-0.12421522289514542,0.025476958602666855,-0.03989162668585777,-0.49163123965263367,-1.4574776887893677,0.4604032337665558,1.6944739818572998,0.2680901885032654,-0.1818373054265976,0.5883427262306213,1.1475433111190796,0.5028640031814575,1.4878106117248535,-0.20584219694137573,0.5019361972808838,0.9824225,0.95969296,0.90567595,0.99770325,0.99221534,0.96595967,0.98955846,0.97234625,0.92075264,0.9864487,0.98330426,0.9683603,0.98072284,0.98056364,0.96819144,0.99287766,0.9915035,0.9966863,0.9959143,0.98263437,0.97600853,0.99449193,0.9854602,0.9818793,0.9954268,0.97745466,0.9733194,0.9971457,0.9912915,0.9894037,0.9965495,0.992894,0.9906132,0.98870987,0.9801226,0.9879673,0.99016947,0.985756,0.98811984,0.99661285,0.9898872,0.98405993,0.9977912,0.98639977,0.9785604,0.9944771,0.9735907,0.98030806,0.87578034,2.06
35,-0.15951775014400482,0.08038068562746048,-0.12442654371261597,0.026106446981430054,-0.03897710144519806,-0.48214539885520935,-1.4567294120788574,0.4663100838661194,1.6964988708496094,0.26848122477531433,-0.17895549535751343,0.5835396647453308,1.1334080696105957,0.5085874199867249,1.4768579006195068,-0.20618365705013275,0.5129216313362122,0.97920334,0.95343566,0.8868437,0.99723524,0.9905425,0.9616493,0.9873023,0.965744,0.90466136,0.98357683,0.98127306,0.9629291,0.97759366,0.97774863,0.96171874,0.99141616,0.99063,0.996141,0.99478036,0.9791302,0.9698882,0.9931598,0.98318565,0.97795343,0.99439275,0.973893,0.9676146,0.99637765,0.98928297,0.9864806,0.9957411,0.99198323,0.98920536,0.9864072,0.9778406,0.9854252,0.98833233,0.98444253,0.9853302,0.99578816,0.9874763,0.97986346,0.9974209,0.98392594,0.9748018,0.993214,0.96896183,0.9758857,0.87439317,2.12
36,-0.16053777933120728,0.09069017320871353,-0.12411259859800339,0.02662576176226139,-0.0379403755068779,-0.47362446784973145,-1.4566669464111328,0.47189101576805115,1.6986342668533325,0.268224835395813,-0.17488078773021698,0.578690230846405,1.119747281074524,0.5133897662162781,1.4668457508087158,-0.20610301196575165,0.5212428569793701,0.97579783,0.9471656,0.867527,0.9967602,0.9887722,0.957761,0.98484856,0.95858204,0.8881794,0.98043627,0.979261,0.95731425,0.97437525,0.9750117,0.9548956,0.9899418,0.98984015,0.99563897,0.9935135,0.97563624,0.96329194,0.991691,0.9808779,0.9738321,0.9932607,0.9702453,0.96156305,0.9955238,0.9871903,0.9833385,0.99489355,0.99112064,0.9879038,0.98396355,0.97575,0.9827666,0.9864297,0.9831656,0.98233116,0.9948891,0.9849209,0.97541726,0.99705124,0.98138016,0.97118765,0.99185383,0.9643629,0.9713002,0.8728984,2.18
37,-0.1612279862165451,0.09956803917884827,-0.1251058131456375,0.027311962097883224,-0.03666660562157631,-0.4658452570438385,-1.4549599885940552,0.47643813490867615,1.6992303133010864,0.2678319215774536,-0.17396531999111176,0.5747194290161133,1.103959321975708,0.5178508758544922,1.4579955339431763,-0.20596061646938324,0.5300297141075134,0.9719999,0.9408277,0.8480535,0.9962921,0.9869192,0.9544428,0.9820473,0.9508871,0.8714783,0.97678804,0.97701615,0.9512524,0.97060704,0.97224,0.9477536,0.98840094,0.9891233,0.99517137,0.99204916,0.97222656,0.9563884,0.98999447,0.97849464,0.9694811,0.9919769,0.96649855,0.95501965,0.9945533,0.9851097,0.98007613,0.99398273,0.99025893,0.9867006,0.98121774,0.97370493,0.97999084,0.98430115,0.9817696,0.97902346,0.99389946,0.9822483,0.97089773,0.9966844,0.9788113,0.9676508,0.99032426,0.95992684,0.96676844,0.8716424,2.2399999999999998
38,-0.16022750735282898,0.10685615986585617,-0.1296466886997223,0.028842901811003685,-0.0323958657681942,-0.4597752094268799,-1.450788140296936,0.48085999488830566,1.6943615674972534,0.26735860109329224,-0.17881079018115997,0.572635293006897,1.0887788534164429,0.5240041613578796,1.455576777458191,-0.2074628323316574,0.52850341796875,0.96779007,0.93409663,0.830445,0.9958812,0.9852498,0.95171225,0.9788336,0.9426137,0.8561488,0.9723521,0.973757,0.94413847,0.9657012,0.9690925,0.9401013,0.9867533,0.98846495,0.99479645,0.99035573,0.96890914,0.95071346,0.9882062,0.97615325,0.96555847,0.99060726,0.96301675,0.9489276,0.99346113,0.98334724,0.9773932,0.9930716,0.98937744,0.9855775,0.97811514,0.9714409,0.97718096,0.98190296,0.979812,0.97551733,0.9928229,0.9793658,0.9669384,0.9963322,0.97654265,0.9642118,0.9886282,0.95582956,0.9629968,0.8707189,2.3
39,-0.15950509905815125,0.11171068251132965,-0.13249002397060394,0.030552266165614128,-0.029329350218176842,-0.4569196403026581,-1.4464699029922485,0.48505404591560364,1.6892298460006714,0.2662988007068634,-0.1832815408706665,0.574298083782196,1.0748929977416992,0.528334379196167,1.4539778232574463,-0.20828305184841156,0.527977705001831,0.9637718,0.9282833,0.81506836,0.99551976,0.98376596,0.9497631,0.97561014,0.93538576,0.8427164,0.96781164,0.97070426,0.93751454,0.96076244,0.9661844,0.93278724,0.98520875,0.987912,0.99449027,0.98871905,0.9660994,0.9456483,0.98646694,0.9740855,0.9620598,0.98928064,0.960004,0.94358826,0.9924108,0.9819042,0.9749307,0.9922267,0.9886109,0.9846356,0.97505957,0.969454,0.9745127,0.97952545,0.97803485,0.9723794,0.99178594,0.9769052,0.9635717,0.9960155,0.9745781,0.96148956,0.9870641,0.9524194,0.9599955,0.8698392,2.36
40,-0.15864187479019165,0.11537899076938629,-0.13501469790935516,0.031791847199201584,-0.0263901948928833,-0.45506978034973145,-1.441735029220581,0.48888441920280457,1.684433937072754,0.26535555720329285,-0.18807776272296906,0.5752933621406555,1.0625271797180176,0.5317901372909546,1.4523277282714844,-0.20928429067134857,0.5268505811691284,0.96022946,0.92361933,0.80287874,0.99529016,0.9826729,0.94916326,0.9726362,0.9291457,0.8324087,0.9636189,0.9679436,0.9319561,0.9561588,0.9639377,0.9265698,0.9841097,0.9875809,0.99436635,0.98727345,0.96406806,0.94188523,0.9849694,0.9724877,0.95958185,0.98812985,0.9576503,0.9395465,0.99148226,0.9808828,0.97324747,0.9916101,0.9880797,0.98414814,0.97239596,0.96804506,0.9723975,0.9775468,0.9764533,0.96990687,0.990897,0.9749086,0.9613853,0.9958067,0.9732091,0.9599227,0.9857414,0.9500088,0.95808935,0.8689376,2.42
41,-0.15601922571659088,0.11597520112991333,-0.1359921246767044,0.03246448561549187,-0.02435976453125477,-0.45547306537628174,-1.4367659091949463,0.4906423091888428,1.6807055473327637,0.2650572657585144,-0.19002237915992737,0.5744052529335022,1.0553081035614014,0.532285749912262,1.4515221118927002,-0.21039754152297974,0.5222373008728027,0.95777214,0.92051023,0.79685944,0.99523586,0.9819702,0.9504547,0.9703333,0.9247176,0.8253189,0.9605822,0.9658552,0.9273571,0.9527071,0.9623847,0.923236,0.98387873,0.9875513,0.99440914,0.98622245,0.9629391,0.93995416,0.98395556,0.97151315,0.9582795,0.98736006,0.9561972,0.937321,0.99081343,0.9802555,0.9724525,0.9914312,0.9879401,0.9840905,0.9705546,0.9671553,0.9713836,0.97622347,0.9753597,0.9681501,0.9902199,0.9735014,0.96021485,0.9957457,0.9725782,0.96018124,0.9848646,0.9486772,0.95754945,0.8679469,2.48
42,-0.15415097773075104,0.1156308501958847,-0.13664211332798004,0.03231417015194893,-0.022887470200657845,-0.45668041706085205,-1.4343676567077637,0.49098291993141174,1.6785922050476074,0.26468709111213684,-0.1866476684808731,0.5719232559204102,1.0500483512878418,0.5323363542556763,1.452561855316162,-0.21159514784812927,0.513365626335144,0.95686036,0.91920954,0.79620355,0.9953766,0.98172885,0.9527626,0.9691759,0.9218614,0.82208616,0.9591101,0.96454716,0.9247842,0.95103955,0.9619674,0.9229605,0.98447245,0.9877852,0.99461645,0.98579514,0.96293664,0.93985236,0.9836309,0.9712064,0.9581537,0.98713034,0.9556532,0.9370266,0.99054635,0.98011875,0.97255343,0.9917065,0.98813826,0.9844877,0.9699767,0.9670855,0.9715243,0.97590125,0.9748352,0.9674915,0.9899448,0.9728088,0.9601875,0.99586356,0.972649,0.9618024,0.9846482,0.9485877,0.9582452,0.86691344,2.54
43,-0.1532985270023346,0.1152007207274437,-0.13716985285282135,0.031933873891830444,-0.02182803303003311,-0.45848122239112854,-1.4324657917022705,0.49102410674095154,1.6769094467163086,0.26416659355163574,-0.18239261209964752,0.569959819316864,1.0453920364379883,0.5322122573852539,1.4534109830856323,-0.21268850564956665,0.5041969418525696,0.95705664,0.9197576,0.79937166,0.9956589,0.98207366,0.9557999,0.9689688,0.92108214,0.8238153,0.95880854,0.9639746,0.92458785,0.95066166,0.96263784,0.924504,0.9854997,0.9882019,0.994989,0.9859411,0.9640663,0.9415485,0.9838712,0.9715422,0.9593577,0.9873165,0.95605075,0.93858206,0.9906363,0.9806043,0.97365135,0.9922397,0.9885717,0.98534167,0.97037697,0.967839,0.97244805,0.9763763,0.97474116,0.9681017,0.9900789,0.97302026,0.9617975,0.99610233,0.97338563,0.9643582,0.98499286,0.94981635,0.9601486,0.8660103,2.6
44,-0.15381678938865662,0.11439216881990433,-0.1369827389717102,0.03156941384077072,-0.02136865258216858,-0.4616636037826538,-1.430068850517273,0.490573525428772,1.6751781702041626,0.2632962763309479,-0.17808765172958374,0.5706388354301453,1.040419578552246,0.5313434600830078,1.4539381265640259,-0.21338696777820587,0.49534502625465393,0.9580524,0.9222203,0.8062374,0.99602485,0.9829695,0.95932573,0.9695104,0.9228874,0.83074844,0.95921624,0.96400815,0.92639583,0.9510254,0.9640536,0.92744493,0.98669434,0.9887283,0.995466,0.9865763,0.96630013,0.9450211,0.98452777,0.9724171,0.9616225,0.9877955,0.9572909,0.9417017,0.9910323,0.98172736,0.9756555,0.99289083,0.9891446,0.98650324,0.97135466,0.96910703,0.97396356,0.9773201,0.9749555,0.9697918,0.99055314,0.97424865,0.96495247,0.99639744,0.9747286,0.9676125,0.98579025,0.9522705,0.96317124,0.8653328,2.6599999999999997
45,-0.15460319817066193,0.11479445546865463,-0.13690201938152313,0.03080710582435131,-0.021236322820186615,-0.4639149308204651,-1.4282550811767578,0.4897194802761078,1.674369215965271,0.2624801695346832,-0.1729644238948822,0.5723844766616821,1.0364716053009033,0.5306777954101562,1.4546252489089966,-0.21375620365142822,0.48708561062812805,0.95964915,0.9259092,0.8147895,0.9964329,0.9842613,0.96286523,0.9707746,0.9268505,0.8409134,0.96042573,0.9648873,0.93003947,0.9523615,0.9663411,0.9315438,0.98796844,0.989416,0.99600595,0.9875986,0.9693303,0.9496794,0.98551774,0.9738133,0.964543,0.98849773,0.95932,0.9455833,0.991651,0.9833667,0.9781998,0.99362344,0.989892,0.9878917,0.97297364,0.9710576,0.97591054,0.97873574,0.97564566,0.9722311,0.99130005,0.9762922,0.9689086,0.9967403,0.9764446,0.97097707,0.9868715,0.9555466,0.9666849,0.86514735,2.7199999999999998
46,-0.15703816711902618,0.11571638286113739,-0.1373216211795807,0.02971753291785717,-0.021813945844769478,-0.46556490659713745,-1.4272123575210571,0.48937100172042847,1.674088478088379,0.2609555423259735,-0.1669963002204895,0.5743584036827087,1.0332289934158325,0.5303038954734802,1.4544529914855957,-0.21357038617134094,0.47789689898490906,0.962241,0.9313176,0.8271264,0.99691665,0.9860015,0.96689075,0.9729994,0.933098,0.85566956,0.96274114,0.9665373,0.9357654,0.95506465,0.9694603,0.9372782,0.9894574,0.9902282,0.99659204,0.98902625,0.9730876,0.9555191,0.98694766,0.97568536,0.96836567,0.98951614,0.96207756,0.95083904,0.9925349,0.9854022,0.9812041,0.9944886,0.9907838,0.98949546,0.97542465,0.97357684,0.9784556,0.980734,0.9767671,0.9755358,0.9923584,0.9790866,0.97376573,0.99715257,0.97868264,0.97488225,0.9883264,0.9598235,0.9708958,0.8650168,2.78
47,-0.15842626988887787,0.11617137491703033,-0.1369429975748062,0.028730642050504684,-0.022617777809500694,-0.46857526898384094,-1.4239401817321777,0.48927024006843567,1.6733542680740356,0.25929075479507446,-0.16298919916152954,0.5765210390090942,1.0304594039916992,0.5287198424339294,1.453752875328064,-0.21303801238536835,0.47266659140586853,0.9655682,0.93781126,0.8420762,0.9974201,0.9880453,0.9714453,0.9756393,0.9413026,0.8723185,0.96604776,0.9689389,0.9430117,0.95856506,0.9730679,0.94353527,0.9910898,0.99117076,0.9971891,0.99063045,0.9770098,0.9617121,0.988627,0.97813284,0.9729135,0.9907224,0.96563816,0.95712894,0.99354374,0.9876365,0.9843546,0.99541384,0.9918073,0.9911912,0.97832286,0.9764642,0.9811251,0.98304003,0.97819304,0.9793651,0.9934689,0.9822864,0.97872454,0.9975961,0.98135155,0.9789833,0.9899211,0.9647597,0.975312,0.8649685,2.84
48,-0.15852411091327667,0.11438993364572525,-0.1356462985277176,0.02792021445930004,-0.02440364845097065,-0.47323283553123474,-1.4189211130142212,0.489496111869812,1.6724711656570435,0.25773030519485474,-0.16383661329746246,0.5783828496932983,1.0278401374816895,0.5263010263442993,1.453035593032837,-0.2119905799627304,0.47221001982688904,0.9695007,0.9451484,0.85921675,0.99793005,0.9902682,0.9761262,0.97877574,0.9507874,0.8905194,0.9702352,0.9720986,0.9515378,0.96294624,0.9770479,0.9505021,0.9927885,0.9922323,0.99776924,0.99234325,0.98102814,0.96817803,0.99048257,0.9810068,0.97779715,0.99209565,0.9698238,0.9639543,0.99464005,0.9899766,0.9874944,0.9963659,0.9929605,0.99292266,0.98161536,0.97967654,0.98392975,0.985586,0.9799942,0.983482,0.99464583,0.9856909,0.9835437,0.9980584,0.9843115,0.9830631,0.9916312,0.9701286,0.97972804,0.86506706,2.9
49,-0.15745434165000916,0.11297596991062164,-0.1345643401145935,0.027217134833335876,-0.02593010850250721,-0.4802778363227844,-1.4158103466033936,0.48729732632637024,1.6702021360397339,0.25595733523368835,-0.16481728851795197,0.581450879573822,1.0281310081481934,0.5209121108055115,1.4524037837982178,-0.21067160367965698,0.46820467710494995,0.97341067,0.952466,0.8776206,0.99836403,0.9922883,0.9802437,0.9819163,0.9599303,0.9083999,0.97435486,0.9754303,0.95962787,0.9673688,0.9807612,0.9573879,0.99420834,0.9932461,0.99825877,0.9939042,0.9846688,0.97416353,0.99220955,0.9838261,0.9822688,0.9933642,0.9739826,0.97022396,0.9956403,0.99208176,0.9902722,0.99716216,0.9939959,0.99438703,0.98469085,0.9826383,0.9865959,0.9879459,0.9819031,0.9871034,0.99570173,0.9887749,0.9876051,0.9984457,0.98703325,0.9866225,0.9931629,0.97516996,0.9837,0.8659672,2.96
50,-0.15336136519908905,0.10884123295545578,-0.1312035322189331,0.026608513668179512,-0.02888341248035431,-0.4903313219547272,-1.4130656719207764,0.4811513125896454,1.6669882535934448,0.2551749348640442,-0.1623816192150116,0.5846648216247559,1.0323216915130615,0.5109317302703857,1.4519087076187134,-0.2090587466955185,0.4597186744213104,0.9772215,0.9592742,0.896977,0.9987311,0.99395305,0.9839811,0.98496664,0.9681792,0.9240962,0.9784299,0.9788244,0.96650946,0.9720625,0.9839458,0.9646387,0.9954939,0.99423367,0.9986528,0.9952619,0.9877493,0.97944003,0.9937617,0.9863825,0.9859747,0.9945351,0.9778962,0.97565985,0.9965276,0.9938267,0.9925113,0.9978599,0.9950105,0.995576,0.9875623,0.98520863,0.98916143,0.9900731,0.9840322,0.98997647,0.9966007,0.9913469,0.990668,0.99877673,0.98938584,0.9897691,0.99452716,0.9795561,0.98710954,0.8675392,3.02
51,-0.1491471529006958,0.10305459052324295,-0.12709179520606995,0.025874990969896317,-0.03188508003950119,-0.500964343547821,-1.4107586145401,0.47484785318374634,1.6645771265029907,0.25406232476234436,-0.15923671424388885,0.5875040292739868,1.0393656492233276,0.5005946755409241,1.4519072771072388,-0.20675714313983917,0.4502847194671631,0.9808184,0.9657898,0.91540194,0.9990307,0.9953602,0.9871875,0.98778325,0.97557586,0.938752,0.9822406,0.9821546,0.9727356,0.97659487,0.98685235,0.971307,0.9965522,0.99514574,0.99897575,0.996416,0.9904524,0.984073,0.99510515,0.98873585,0.98914206,0.99558073,0.9815353,0.98048604,0.9973022,0.9953082,0.9944068,0.9984138,0.9959306,0.99656904,0.99010086,0.98762286,0.99141437,0.991981,0.9861042,0.9923734,0.99736637,0.9935256,0.99314755,0.99904746,0.9914659,0.9923212,0.995704,0.98350996,0.9900254,0.8694236,3.08
52,-0.143747016787529,0.09564688056707382,-0.12235142290592194,0.025418709963560104,-0.034517716616392136,-0.5118885040283203,-1.4088817834854126,0.46826794743537903,1.663114070892334,0.25235068798065186,-0.16032806038856506,0.5887665152549744,1.047563076019287,0.4901736080646515,1.4521958827972412,-0.20331254601478577,0.43982869386672974,0.98419905,0.9719768,0.9326373,0.99927825,0.9965528,0.98991615,0.99036705,0.9819302,0.95209086,0.9857239,0.9852961,0.97816056,0.98081815,0.98942953,0.9773678,0.997416,0.9959676,0.99923813,0.9973769,0.9927389,0.988079,0.99626887,0.99089897,0.9918371,0.99652606,0.9848947,0.9847445,0.9979711,0.9965497,0.99600005,0.9988494,0.9967385,0.9973857,0.99228704,0.9898259,0.9933949,0.9936371,0.9880062,0.9943211,0.998018,0.99530363,0.9951415,0.99927205,0.99327457,0.99435484,0.99670535,0.9870799,0.9924663,0.8714028,3.14
53,-0.1371307224035263,0.08739755302667618,-0.11548734456300735,0.025314368307590485,-0.03657275810837746,-0.5236132144927979,-1.4076406955718994,0.4607742130756378,1.663322925567627,0.25031396746635437,-0.15967905521392822,0.5897356867790222,1.0583827495574951,0.4793134033679962,1.4523396492004395,-0.1991955041885376,0.4291432499885559,0.987187,0.977415,0.9469935,0.9994684,0.9974673,0.9920622,0.992593,0.98697424,0.9630726,0.98875403,0.9881742,0.98268145,0.98460567,0.9916686,0.9824171,0.99809116,0.99668914,0.99943846,0.9981281,0.9945809,0.9912004,0.99720436,0.9927706,0.99392706,0.99732345,0.98787713,0.9881555,0.9985049,0.99752086,0.99718815,0.9991697,0.9974177,0.99801445,0.9940799,0.9918034,0.99498725,0.99503136,0.98976386,0.9958118,0.9985436,0.9966785,0.9965946,0.99944824,0.99473685,0.99586946,0.99750984,0.9900439,0.99436367,0.87330973,3.1999999999999997
54,-0.1296796202659607,0.0787951648235321,-0.10680823773145676,0.024739138782024384,-0.03886760398745537,-0.5373982787132263,-1.4073039293289185,0.45254531502723694,1.6638363599777222,0.2486075609922409,-0.15996301174163818,0.592276930809021,1.0718187093734741,0.4678211510181427,1.4537744522094727,-0.19493013620376587,0.4190898835659027,0.9896644,0.9818231,0.95843375,0.9996099,0.99815065,0.9937774,0.99436826,0.9907353,0.9716671,0.9912544,0.99058753,0.9863399,0.98778325,0.99345255,0.98635685,0.9986034,0.9972978,0.99958724,0.9986745,0.99597615,0.9935254,0.9979158,0.9942966,0.9954853,0.99795026,0.99032825,0.9908025,0.99890745,0.99822766,0.99802786,0.9994049,0.9979684,0.99850047,0.99549353,0.993419,0.9961916,0.9961515,0.9913346,0.9969202,0.9989396,0.9976782,0.99761593,0.9995839,0.99590826,0.996994,0.998133,0.99234337,0.9957717,0.8752427,3.26
55,-0.12236382812261581,0.06932157278060913,-0.09926816821098328,0.02377176657319069,-0.04208068922162056,-0.5521625280380249,-1.4067379236221313,0.44369053840637207,1.66315758228302,0.24637441337108612,-0.16301432251930237,0.5963373780250549,1.0818276405334473,0.4558843970298767,1.4532690048217773,-0.189824178814888,0.4123823940753937,0.99160755,0.9854285,0.9675514,0.9997141,0.99864644,0.9951397,0.9957222,0.9934936,0.9783046,0.99320316,0.9925488,0.9891934,0.99030757,0.9948677,0.98947316,0.99898094,0.9978103,0.99969494,0.9990615,0.99703586,0.99521625,0.99843115,0.9954827,0.9966196,0.99842143,0.9922747,0.9927982,0.99920255,0.99874276,0.99861217,0.99957305,0.99840313,0.9988673,0.9965737,0.9947141,0.997118,0.99700695,0.9926945,0.99771833,0.99922955,0.9983966,0.9983353,0.99968565,0.9968123,0.99781466,0.9985941,0.9941526,0.99683666,0.87728465,3.32
56,-0.11445270478725433,0.05803297832608223,-0.09320064634084702,0.023298854008316994,-0.04453882947564125,-0.5666823983192444,-1.403637409210205,0.4352319836616516,1.6610559225082397,0.24496309459209442,-0.1686239093542099,0.6005295515060425,1.0922154188156128,0.4453839063644409,1.4557228088378906,-0.1865948587656021,0.40255558490753174,0.99327904,0.98833627,0.9748164,0.9997937,0.99902415,0.99619293,0.9967715,0.9954306,0.9833784,0.99475175,0.9940825,0.9915251,0.99228305,0.99599755,0.9919338,0.9992642,0.9982443,0.9997763,0.99933845,0.997829,0.99650997,0.9988387,0.9964706,0.9974837,0.99880314,0.993919,0.994449,0.9994203,0.99911636,0.9990283,0.9996978,0.9987575,0.9991467,0.99740714,0.99576545,0.9978315,0.99768424,0.99383223,0.9983316,0.99944276,0.998889,0.9988292,0.99976665,0.9975662,0.9984092,0.99895275,0.9955512,0.99763656,0.8788645,3.38
